<?xml version="1.0" encoding="utf-8" ?>
<dwsync>
<file name="colorpicker_background.png" server="ftp.premiumwd.com//public_html/" local="130949618948979787" remote="130938406200000000" Dst="1" />
<file name="colorpicker_hex.png" server="ftp.premiumwd.com//public_html/" local="130949618948989795" remote="130938406200000000" Dst="1" />
<file name="colorpicker_hsb_h.png" server="ftp.premiumwd.com//public_html/" local="130949618952130557" remote="130938406200000000" Dst="1" />
<file name="colorpicker_hsb_s.png" server="ftp.premiumwd.com//public_html/" local="130949618952135563" remote="130938406200000000" Dst="1" />
<file name="colorpicker_hsb_b.png" server="ftp.premiumwd.com//public_html/" local="130949618949009820" remote="130938406200000000" Dst="1" />
<file name="colorpicker_overlay.png" server="ftp.premiumwd.com//public_html/" local="130949618955273569" remote="130938406200000000" Dst="1" />
<file name="colorpicker_indic.gif" server="ftp.premiumwd.com//public_html/" local="130949618952140571" remote="130938406200000000" Dst="1" />
<file name="colorpicker_rgb_b.png" server="ftp.premiumwd.com//public_html/" local="130949618955273569" remote="130938406200000000" Dst="1" />
<file name="colorpicker_rgb_g.png" server="ftp.premiumwd.com//public_html/" local="130949618955283580" remote="130938406200000000" Dst="1" />
<file name="colorpicker_rgb_r.png" server="ftp.premiumwd.com//public_html/" local="130949618958379729" remote="130938406200000000" Dst="1" />
<file name="colorpicker_select.gif" server="ftp.premiumwd.com//public_html/" local="130949618958389741" remote="130938406200000000" Dst="1" />
<file name="custom_hex.png" server="ftp.premiumwd.com//public_html/" local="130949618961597532" remote="130938406200000000" Dst="1" />
<file name="colorpicker_submit.png" server="ftp.premiumwd.com//public_html/" local="130949618958389741" remote="130938406200000000" Dst="1" />
<file name="custom_background.png" server="ftp.premiumwd.com//public_html/" local="130949618961587524" remote="130938406200000000" Dst="1" />
<file name="custom_hsb_h.png" server="ftp.premiumwd.com//public_html/" local="130949618964810995" remote="130938406200000000" Dst="1" />
<file name="custom_hsb_s.png" server="ftp.premiumwd.com//public_html/" local="130949618964821006" remote="130938406200000000" Dst="1" />
<file name="custom_hsb_b.png" server="ftp.premiumwd.com//public_html/" local="130949618961587524" remote="130938406200000000" Dst="1" />
<file name="custom_indic.gif" server="ftp.premiumwd.com//public_html/" local="130949618964810995" remote="130938406200000000" Dst="1" />
<file name="custom_rgb_b.png" server="ftp.premiumwd.com//public_html/" local="130949618968044495" remote="130938406200000000" Dst="1" />
<file name="custom_rgb_g.png" server="ftp.premiumwd.com//public_html/" local="130949618968044495" remote="130938406200000000" Dst="1" />
<file name="custom_rgb_r.png" server="ftp.premiumwd.com//public_html/" local="130949618968054503" remote="130938406200000000" Dst="1" />
<file name="custom_submit.png" server="ftp.premiumwd.com//public_html/" local="130949618971192756" remote="130938406200000000" Dst="1" />
<file name="icon.png" server="ftp.premiumwd.com//public_html/" local="130949618971202767" remote="130938406200000000" Dst="1" />
<file name="select2.png" server="ftp.premiumwd.com//public_html/" local="130949618974736014" remote="130938406200000000" Dst="1" />
<file name="select.png" server="ftp.premiumwd.com//public_html/" local="130949618971192756" remote="130938406200000000" Dst="1" />
<file name="slider.png" server="ftp.premiumwd.com//public_html/" local="130949618974736014" remote="130938406200000000" Dst="1" />
</dwsync>