<?xml version="1.0" encoding="utf-8" ?>
<dwsync>
<file name="ajaxupload.js" server="ftp.premiumwd.com//public_html/" local="130964313382529523" remote="130938403200000000" Dst="1" />
<file name="colorpicker.js" server="ftp.premiumwd.com//public_html/" local="130964313382534528" remote="130938403200000000" Dst="1" />
<file name="ez-tooltip.js" server="ftp.premiumwd.com//public_html/" local="130964313382549542" remote="130938403200000000" Dst="1" />
<file name="mainJs.js" server="ftp.premiumwd.com//public_html/" local="130964313385688089" remote="130938403200000000" Dst="1" />
<file name="script.js" server="ftp.premiumwd.com//public_html/" local="130964313385693098" remote="130938403200000000" Dst="1" />
<file name="shortcodes.js" server="ftp.premiumwd.com//public_html/" local="130964313385708111" remote="130938403200000000" Dst="1" />
<file name="slides.min.jquery.js" server="ftp.premiumwd.com//public_html/" local="130964313388831094" remote="130938403200000000" Dst="1" />
<file name="wppb_animate.js" server="ftp.premiumwd.com//public_html/" local="130964313388826088" remote="130938403200000000" Dst="1" />
</dwsync>