<?xml version="1.0" encoding="utf-8" ?>
<dwsync>
<file name="dribbble.png" server="ftp.premiumwd.com//public_html/" local="130949618883039187" remote="130938406200000000" Dst="1" />
<file name="dropbox.png" server="ftp.premiumwd.com//public_html/" local="130949618883039187" remote="130938406200000000" Dst="1" />
<file name="envelope.png" server="ftp.premiumwd.com//public_html/" local="130949618883064211" remote="130938406200000000" Dst="1" />
<file name="facebook.png" server="ftp.premiumwd.com//public_html/" local="130949618886207226" remote="130938406200000000" Dst="1" />
<file name="flickr.png" server="ftp.premiumwd.com//public_html/" local="130949618886217231" remote="130938406200000000" Dst="1" />
<file name="foursquare.png" server="ftp.premiumwd.com//public_html/" local="130949618886237247" remote="130938406200000000" Dst="1" />
<file name="github.png" server="ftp.premiumwd.com//public_html/" local="130949618889379229" remote="130938406200000000" Dst="1" />
<file name="general.png" server="ftp.premiumwd.com//public_html/" local="130949618889384235" remote="130938406200000000" Dst="1" />
<file name="google-plus.png" server="ftp.premiumwd.com//public_html/" local="130949618889404257" remote="130938406200000000" Dst="1" />
<file name="instagram.png" server="ftp.premiumwd.com//public_html/" local="130949618892577293" remote="130938406200000000" Dst="1" />
<file name="lifebouy.png" server="ftp.premiumwd.com//public_html/" local="130949618892577293" remote="130938406200000000" Dst="1" />
<file name="linkedin.png" server="ftp.premiumwd.com//public_html/" local="130949618892597312" remote="130938406200000000" Dst="1" />
<file name="page-settings.png" server="ftp.premiumwd.com//public_html/" local="130949618895720290" remote="130938406200000000" Dst="1" />
<file name="pininterest.png" server="ftp.premiumwd.com//public_html/" local="130949618895720290" remote="130938406200000000" Dst="1" />
<file name="rss.png" server="ftp.premiumwd.com//public_html/" local="130949618895950508" remote="130938406200000000" Dst="1" />
<file name="skype.png" server="ftp.premiumwd.com//public_html/" local="130949618898913330" remote="130938406200000000" Dst="1" />
<file name="slider-settings.png" server="ftp.premiumwd.com//public_html/" local="130949618898913330" remote="130938406200000000" Dst="1" />
<file name="stackexchange.png" server="ftp.premiumwd.com//public_html/" local="130949618898933355" remote="130938406200000000" Dst="1" />
<file name="style-settings.png" server="ftp.premiumwd.com//public_html/" local="130949618902099118" remote="130938406200000000" Dst="1" />
<file name="translation.png" server="ftp.premiumwd.com//public_html/" local="130949618902099118" remote="130938406200000000" Dst="1" />
<file name="star.png" server="ftp.premiumwd.com//public_html/" local="130949618902094112" remote="130938406200000000" Dst="1" />
<file name="twitter.png" server="ftp.premiumwd.com//public_html/" local="130949618905237124" remote="130938406200000000" Dst="1" />
<file name="weibo.png" server="ftp.premiumwd.com//public_html/" local="130949618905237124" remote="130938406200000000" Dst="1" />
<file name="tumblr.png" server="ftp.premiumwd.com//public_html/" local="130949618905237124" remote="130938406200000000" Dst="1" />
<file name="youtube.png" server="ftp.premiumwd.com//public_html/" local="130949618908346480" remote="130938406200000000" Dst="1" />
</dwsync>