<?xml version="1.0" encoding="utf-8" ?>
<dwsync>
<file name="arrows.png" server="ftp.premiumwd.com//public_html/" local="130949618723231408" remote="130938405000000000" Dst="1" />
<file name="cart-empty.png" server="ftp.premiumwd.com//public_html/" local="130949618726404435" remote="130938405000000000" Dst="1" />
<file name="close_side_menu.png" server="ftp.premiumwd.com//public_html/" local="130949618726399430" remote="130938405600000000" Dst="1" />
<file name="loading.GIF" server="ftp.premiumwd.com//public_html/" local="130811075622420978" remote="130811076600000000" Dst="2" />
<file name="marker.png" server="ftp.premiumwd.com//public_html/" local="130949618729567451" remote="130938405600000000" Dst="1" />
<file name="payment-types.png" server="ftp.premiumwd.com//public_html/" local="130949618729562446" remote="130938405600000000" Dst="1" />
<file name="loading.gif" server="ftp.premiumwd.com//public_html/" local="130949618726414447" remote="130938405600000000" Dst="1" />
<file name="sprite.png" server="ftp.premiumwd.com//public_html/" local="130949618732610350" remote="130938405600000000" Dst="1" />
</dwsync>