<?xml version="1.0" encoding="utf-8" ?>
<dwsync>
<file name="style.css" server="ftp.premiumwd.com//public_html/" local="130964313506633788" remote="130938403800000000" Dst="1" />
<file name="footer.php" server="ftp.premiumwd.com//public_html/" local="130964313167935221" remote="130938402600000000" Dst="1" />
<file name="404.php" server="ftp.premiumwd.com//public_html/" local="130964313088702432" remote="130938402600000000" Dst="1" />
<file name="archive.php" server="ftp.premiumwd.com//public_html/" local="130964313088702432" remote="130938402600000000" Dst="1" />
<file name="comments.php" server="ftp.premiumwd.com//public_html/" local="130964313165653032" remote="130938402600000000" Dst="1" />
<file name="contact.php" server="ftp.premiumwd.com//public_html/" local="130964313165733109" remote="130938402600000000" Dst="1" />
<file name="functions.php" server="ftp.premiumwd.com//public_html/" local="130975563082525284" remote="130975565400000000" Dst="1" />
<file name="header.php" server="ftp.premiumwd.com//public_html/" local="130948014412034178" remote="130948015800000000" Dst="1" />
<file name="index.php" server="ftp.premiumwd.com//public_html/" local="130964313493004112" remote="130938403200000000" Dst="1" />
<file name="page-full.php" server="ftp.premiumwd.com//public_html/" local="130964313497037987" remote="130938403800000000" Dst="1" />
<file name="page-left.php" server="ftp.premiumwd.com//public_html/" local="130964313497047995" remote="130938403800000000" Dst="1" />
<file name="page.php" server="ftp.premiumwd.com//public_html/" local="130964313497047995" remote="130938403800000000" Dst="1" />
<file name="post.php" server="ftp.premiumwd.com//public_html/" local="130964313500678102" remote="130938403800000000" Dst="1" />
<file name="screenshot.png" server="ftp.premiumwd.com//public_html/" local="130964313509731746" remote="130938403800000000" Dst="1" />
<file name="search.php" server="ftp.premiumwd.com//public_html/" local="130964313500673097" remote="130938403800000000" Dst="1" />
<file name="searchform.php" server="ftp.premiumwd.com//public_html/" local="130964313503420715" remote="130938403800000000" Dst="1" />
<file name="single.php" server="ftp.premiumwd.com//public_html/" local="130964313503435735" remote="130938403800000000" Dst="1" />
</dwsync>