<?xml version="1.0" encoding="utf-8" ?>
<dwsync>
<file name="content-product-swiper.php" server="ftp.premiumwd.com//public_html/" local="130949619038059867" remote="130938406200000000" Dst="1" />
<file name="content-product.php" server="ftp.premiumwd.com//public_html/" local="130949619038079892" remote="130938406200000000" Dst="1" />
<file name="content-single-product.php" server="ftp.premiumwd.com//public_html/" local="130949619041636188" remote="130938406200000000" Dst="1" />
<file name="single-product-reviews.php" server="ftp.premiumwd.com//public_html/" local="130949619089152743" remote="130938406200000000" Dst="1" />
<file name="woocommerce-dropdown-cart.php" server="ftp.premiumwd.com//public_html/" local="130949619092275022" remote="130938406200000000" Dst="1" />
<file name="woocommerce_configuration.php" server="ftp.premiumwd.com//public_html/" local="130963951679874537" remote="130963953600000000" Dst="1" />
<file name="content-product_cat.php" server="ftp.premiumwd.com//public_html/" local="130949619041626177" remote="130938406200000000" Dst="1" />
<file name="add-to-cart.php" server="ftp.premiumwd.com//public_html/" local="130964312937163116" remote="130938406200000000" Dst="1" />
<file name="functions.php" server="ftp.premiumwd.com//public_html/" local="130964312937183135" remote="130949409600000000" Dst="1" />
<file name="woocommerce_configuration.php-19dec" server="ftp.premiumwd.com//public_html/" local="130964312976315509" remote="130938406800000000" Dst="1" />
<file name="style.css" server="ftp.premiumwd.com//public_html/" local="130964312976320512" remote="130958586600000000" Dst="1" />
<file name="woocommerce_configuration.php-29dec" server="ftp.premiumwd.com//public_html/" local="130964312976330523" remote="130952363400000000" Dst="1" />
</dwsync>