<?xml version="1.0" encoding="utf-8" ?>
<dwsync>
<file name="arrow.png" server="ftp.premiumwd.com//public_html/" local="130964313320551774" remote="130938403200000000" Dst="1" />
<file name="blank.gif" server="ftp.premiumwd.com//public_html/" local="130964313320556780" remote="130938403200000000" Dst="1" />
<file name="colorpicker_background.png" server="ftp.premiumwd.com//public_html/" local="130964313323124229" remote="130938403200000000" Dst="1" />
<file name="colorpicker_hex.png" server="ftp.premiumwd.com//public_html/" local="130964313323124229" remote="130938403200000000" Dst="1" />
<file name="colorpicker_hsb_b.png" server="ftp.premiumwd.com//public_html/" local="130964313326762716" remote="130938403200000000" Dst="1" />
<file name="colorpicker_hsb_h.png" server="ftp.premiumwd.com//public_html/" local="130964313326777732" remote="130938403200000000" Dst="1" />
<file name="colorpicker_hsb_s.png" server="ftp.premiumwd.com//public_html/" local="130964313326797751" remote="130938403200000000" Dst="1" />
<file name="colorpicker_indic.gif" server="ftp.premiumwd.com//public_html/" local="130964313329990787" remote="130938403200000000" Dst="1" />
<file name="colorpicker_overlay.png" server="ftp.premiumwd.com//public_html/" local="130964313329995796" remote="130938403200000000" Dst="1" />
<file name="colorpicker_rgb_b.png" server="ftp.premiumwd.com//public_html/" local="130964313330000798" remote="130938403200000000" Dst="1" />
<file name="colorpicker_rgb_g.png" server="ftp.premiumwd.com//public_html/" local="130964313333138794" remote="130938403200000000" Dst="1" />
<file name="colorpicker_rgb_r.png" server="ftp.premiumwd.com//public_html/" local="130964313333143803" remote="130938403200000000" Dst="1" />
<file name="colorpicker_select.gif" server="ftp.premiumwd.com//public_html/" local="130964313333163819" remote="130938403200000000" Dst="1" />
<file name="colorpicker_submit.png" server="ftp.premiumwd.com//public_html/" local="130964313336722217" remote="130938403200000000" Dst="1" />
<file name="custom_background.png" server="ftp.premiumwd.com//public_html/" local="130964313336722217" remote="130938403200000000" Dst="1" />
<file name="custom_hex.png" server="ftp.premiumwd.com//public_html/" local="130964313336742239" remote="130938403200000000" Dst="1" />
<file name="custom_hsb_b.png" server="ftp.premiumwd.com//public_html/" local="130964313339890255" remote="130938403200000000" Dst="1" />
<file name="custom_hsb_h.png" server="ftp.premiumwd.com//public_html/" local="130964313339890255" remote="130938403200000000" Dst="1" />
<file name="custom_hsb_s.png" server="ftp.premiumwd.com//public_html/" local="130964313339910283" remote="130938403200000000" Dst="1" />
<file name="custom_indic.gif" server="ftp.premiumwd.com//public_html/" local="130964313343487134" remote="130938403200000000" Dst="1" />
<file name="custom_rgb_b.png" server="ftp.premiumwd.com//public_html/" local="130964313343487134" remote="130938403200000000" Dst="1" />
<file name="custom_rgb_g.png" server="ftp.premiumwd.com//public_html/" local="130964313343507156" remote="130938403200000000" Dst="1" />
<file name="custom_rgb_r.png" server="ftp.premiumwd.com//public_html/" local="130964313346715214" remote="130938403200000000" Dst="1" />
<file name="custom_submit.png" server="ftp.premiumwd.com//public_html/" local="130964313346720220" remote="130938403200000000" Dst="1" />
<file name="icon.png" server="ftp.premiumwd.com//public_html/" local="130964313346740242" remote="130938403200000000" Dst="1" />
<file name="icons.png" server="ftp.premiumwd.com//public_html/" local="130964313375818116" remote="130938403200000000" Dst="1" />
<file name="select.png" server="ftp.premiumwd.com//public_html/" local="130964313375833129" remote="130938403200000000" Dst="1" />
<file name="select2.png" server="ftp.premiumwd.com//public_html/" local="130964313379391527" remote="130938403200000000" Dst="1" />
<file name="slider.png" server="ftp.premiumwd.com//public_html/" local="130964313379396532" remote="130938403200000000" Dst="1" />
<file name="Thumbs.db" server="ftp.premiumwd.com//public_html/" local="130964313318194521" remote="130938403200000000" Dst="1" />
</dwsync>