<?xml version="1.0" encoding="utf-8" ?>
<dwsync>
<file name="plugins.js" server="ftp.premiumwd.com//public_html/" local="130968379425526409" remote="130968381600000000" Dst="1" />
<file name="init.js" server="ftp.premiumwd.com//public_html/" local="130964312764945219" remote="130962439800000000" Dst="1" />
<file name="uncomp_init.js" server="ftp.premiumwd.com//public_html/" local="130964312771270565" remote="130962439200000000" Dst="1" />
<file name="html5.js" server="ftp.premiumwd.com//public_html/" local="130949618732615355" remote="130938405600000000" Dst="1" />
<file name="modernizr.js" server="ftp.premiumwd.com//public_html/" local="130949618736198772" remote="130938405600000000" Dst="1" />
<file name="selectivizr-min.js" server="ftp.premiumwd.com//public_html/" local="130949618736198772" remote="130938405600000000" Dst="1" />
<file name="sharrre.php" server="ftp.premiumwd.com//public_html/" local="130952208024600293" remote="130951675800000000" Dst="1" />
<file name="init.js-19dec" server="ftp.premiumwd.com//public_html/" local="130964312764965241" remote="130938405600000000" Dst="1" />
<file name="sharrre.php-21dec" server="ftp.premiumwd.com//public_html/" local="130964312768148278" remote="130938405600000000" Dst="1" />
<file name="jquery.sharrre.js" server="ftp.premiumwd.com//public_html/" local="130964312771275571" remote="130951658400000000" Dst="1" />
</dwsync>