<?xml version="1.0" encoding="utf-8" ?>
<dwsync>
<file name="scripts.js" server="ftp.premiumwd.com//public_html/" local="130964313162520039" remote="130938402600000000" Dst="1" />
<file name="html5.js" server="ftp.premiumwd.com//public_html/" local="130964313153431359" remote="130938402600000000" Dst="1" />
<file name="respond.js" server="ftp.premiumwd.com//public_html/" local="130964313157520265" remote="130938402600000000" Dst="1" />
<file name="init.js" server="ftp.premiumwd.com//public_html/" local="130964313153446373" remote="130938402600000000" Dst="1" />
<file name="jquery.flexslider.min.js" server="ftp.premiumwd.com//public_html/" local="130964313156013825" remote="130938402600000000" Dst="1" />
<file name="jquery.jplayer.min.js" server="ftp.premiumwd.com//public_html/" local="130964313157490237" remote="130938402600000000" Dst="1" />
<file name="selectivizr.js" server="ftp.premiumwd.com//public_html/" local="130964313162515033" remote="130938402600000000" Dst="1" />
<file name="sharrre.php" server="ftp.premiumwd.com//public_html/" local="130964313162510028" remote="130938402600000000" Dst="1" />
<file name="selectivizr-min.js" server="ftp.premiumwd.com//public_html/" local="130964313161113695" remote="130938402600000000" Dst="1" />
</dwsync>