<?xml version="1.0" encoding="utf-8" ?>
<dwsync>
<file name="product-image.php" server="ftp.premiumwd.com//public_html/" local="130950337399485930" remote="130950339600000000" Dst="1" />
<file name="product-thumbnails.php" server="ftp.premiumwd.com//public_html/" local="130949640707676902" remote="130949642400000000" Dst="1" />
<file name="related.php" server="ftp.premiumwd.com//public_html/" local="130949619082021782" remote="130938406200000000" Dst="1" />
<file name="sale-flash.php" server="ftp.premiumwd.com//public_html/" local="130949619085987052" remote="130938406200000000" Dst="1" />
<file name="up-sells.php" server="ftp.premiumwd.com//public_html/" local="130949619089142732" remote="130938406200000000" Dst="1" />
<file name="product-image.php-18dec" server="ftp.premiumwd.com//public_html/" local="130964312969403911" remote="130948635000000000" Dst="1" />
<file name="product-image.php-19dec" server="ftp.premiumwd.com//public_html/" local="130964312969433941" remote="130949381400000000" Dst="1" />
<file name="product-image.php-20dec" server="ftp.premiumwd.com//public_html/" local="130964312972672027" remote="130949642400000000" Dst="1" />
<file name="product-thumbnails.php-18dec" server="ftp.premiumwd.com//public_html/" local="130964312972672027" remote="130948630200000000" Dst="1" />
<file name="product-thumbnails.php-19dec" server="ftp.premiumwd.com//public_html/" local="130964312972692049" remote="130949381400000000" Dst="1" />
</dwsync>