<?xml version="1.0" encoding="utf-8" ?>
<dwsync>
<file name="arrow.png" server="ftp.premiumwd.com//public_html/" local="130949618854802077" remote="130938406200000000" Dst="1" />
<file name="Thumbs.db" server="ftp.premiumwd.com//public_html/" local="130949618854802077" remote="130938406200000000" Dst="1" />
<file name="blank.gif" server="ftp.premiumwd.com//public_html/" local="130949618854812088" remote="130938406200000000" Dst="1" />
<file name="colorpicker_background.png" server="ftp.premiumwd.com//public_html/" local="130949618857925052" remote="130938406200000000" Dst="1" />
<file name="colorpicker_hex.png" server="ftp.premiumwd.com//public_html/" local="130949618857925052" remote="130938406200000000" Dst="1" />
<file name="colorpicker_hsb_b.png" server="ftp.premiumwd.com//public_html/" local="130949618857935066" remote="130938406200000000" Dst="1" />
<file name="colorpicker_hsb_h.png" server="ftp.premiumwd.com//public_html/" local="130949618861048039" remote="130938406200000000" Dst="1" />
<file name="colorpicker_hsb_s.png" server="ftp.premiumwd.com//public_html/" local="130949618861368335" remote="130938406200000000" Dst="1" />
<file name="colorpicker_indic.gif" server="ftp.premiumwd.com//public_html/" local="130949618861378349" remote="130938406200000000" Dst="1" />
<file name="colorpicker_overlay.png" server="ftp.premiumwd.com//public_html/" local="130949618864548831" remote="130938406200000000" Dst="1" />
<file name="colorpicker_rgb_b.png" server="ftp.premiumwd.com//public_html/" local="130949618864548831" remote="130938406200000000" Dst="1" />
<file name="colorpicker_rgb_g.png" server="ftp.premiumwd.com//public_html/" local="130949618864638922" remote="130938406200000000" Dst="1" />
<file name="colorpicker_rgb_r.png" server="ftp.premiumwd.com//public_html/" local="130949618867718136" remote="130938406200000000" Dst="1" />
<file name="colorpicker_select.gif" server="ftp.premiumwd.com//public_html/" local="130949618867723144" remote="130938406200000000" Dst="1" />
<file name="colorpicker_submit.png" server="ftp.premiumwd.com//public_html/" local="130949618867783202" remote="130938406200000000" Dst="1" />
<file name="custom_background.png" server="ftp.premiumwd.com//public_html/" local="130949618871241495" remote="130938406200000000" Dst="1" />
<file name="custom_hex.png" server="ftp.premiumwd.com//public_html/" local="130949618871356607" remote="130938406200000000" Dst="1" />
<file name="custom_hsb_b.png" server="ftp.premiumwd.com//public_html/" local="130949618873603751" remote="130938406200000000" Dst="1" />
<file name="custom_hsb_h.png" server="ftp.premiumwd.com//public_html/" local="130949618873608753" remote="130938406200000000" Dst="1" />
<file name="custom_hsb_s.png" server="ftp.premiumwd.com//public_html/" local="130949618873663805" remote="130938406200000000" Dst="1" />
<file name="custom_indic.gif" server="ftp.premiumwd.com//public_html/" local="130949618876841847" remote="130938406200000000" Dst="1" />
<file name="custom_rgb_b.png" server="ftp.premiumwd.com//public_html/" local="130949618876851858" remote="130938406200000000" Dst="1" />
<file name="custom_rgb_g.png" server="ftp.premiumwd.com//public_html/" local="130949618876861869" remote="130938406200000000" Dst="1" />
<file name="custom_rgb_r.png" server="ftp.premiumwd.com//public_html/" local="130949618879954813" remote="130938406200000000" Dst="1" />
<file name="custom_submit.png" server="ftp.premiumwd.com//public_html/" local="130949618879954813" remote="130938406200000000" Dst="1" />
<file name="icon.png" server="ftp.premiumwd.com//public_html/" local="130949618879964830" remote="130938406200000000" Dst="1" />
<file name="icons.png" server="ftp.premiumwd.com//public_html/" local="130949618908346480" remote="130938406200000000" Dst="1" />
<file name="select.png" server="ftp.premiumwd.com//public_html/" local="130949618909562654" remote="130938406200000000" Dst="1" />
<file name="select2.png" server="ftp.premiumwd.com//public_html/" local="130949618912740280" remote="130938406200000000" Dst="1" />
<file name="slider.png" server="ftp.premiumwd.com//public_html/" local="130949618912745285" remote="130938406200000000" Dst="1" />
</dwsync>