<?xml version="1.0" encoding="utf-8" ?>
<dwsync>
<file name="ajaxupload.js" server="ftp.premiumwd.com//public_html/" local="130949618914531987" remote="130938406200000000" Dst="1" />
<file name="colorpicker.js" server="ftp.premiumwd.com//public_html/" local="130949618916293666" remote="130938406200000000" Dst="1" />
<file name="ez-tooltip.js" server="ftp.premiumwd.com//public_html/" local="130949618915843238" remote="130938406200000000" Dst="1" />
<file name="mainJs.js" server="ftp.premiumwd.com//public_html/" local="130949618919088587" remote="130938406200000000" Dst="1" />
<file name="script.js" server="ftp.premiumwd.com//public_html/" local="130949618919093592" remote="130938406200000000" Dst="1" />
<file name="shortcodes.js" server="ftp.premiumwd.com//public_html/" local="130949618919113611" remote="130938406200000000" Dst="1" />
<file name="slides.min.jquery.js" server="ftp.premiumwd.com//public_html/" local="130949618922256620" remote="130938406200000000" Dst="1" />
<file name="wppb_animate.js" server="ftp.premiumwd.com//public_html/" local="130949618922256620" remote="130938406200000000" Dst="1" />
</dwsync>