<?xml version="1.0" encoding="utf-8" ?>
<dwsync>
<file name="colorpicker_background.png" server="ftp.premiumwd.com//public_html/" local="130964313413687511" remote="130938403200000000" Dst="1" />
<file name="colorpicker_hex.png" server="ftp.premiumwd.com//public_html/" local="130964313413697520" remote="130938403200000000" Dst="1" />
<file name="colorpicker_hsb_b.png" server="ftp.premiumwd.com//public_html/" local="130964313417223065" remote="130938403200000000" Dst="1" />
<file name="colorpicker_hsb_h.png" server="ftp.premiumwd.com//public_html/" local="130964313417228070" remote="130938403200000000" Dst="1" />
<file name="colorpicker_hsb_s.png" server="ftp.premiumwd.com//public_html/" local="130964313417238082" remote="130938403200000000" Dst="1" />
<file name="colorpicker_indic.gif" server="ftp.premiumwd.com//public_html/" local="130964313420691375" remote="130938403200000000" Dst="1" />
<file name="colorpicker_overlay.png" server="ftp.premiumwd.com//public_html/" local="130964313420696384" remote="130938403200000000" Dst="1" />
<file name="colorpicker_rgb_b.png" server="ftp.premiumwd.com//public_html/" local="130964313420696384" remote="130938403200000000" Dst="1" />
<file name="colorpicker_rgb_g.png" server="ftp.premiumwd.com//public_html/" local="130964313423799347" remote="130938403200000000" Dst="1" />
<file name="colorpicker_rgb_r.png" server="ftp.premiumwd.com//public_html/" local="130964313423804352" remote="130938403200000000" Dst="1" />
<file name="colorpicker_select.gif" server="ftp.premiumwd.com//public_html/" local="130964313423809355" remote="130938403200000000" Dst="1" />
<file name="colorpicker_submit.png" server="ftp.premiumwd.com//public_html/" local="130964313427017419" remote="130938403200000000" Dst="1" />
<file name="custom_background.png" server="ftp.premiumwd.com//public_html/" local="130964313427027434" remote="130938403200000000" Dst="1" />
<file name="custom_hex.png" server="ftp.premiumwd.com//public_html/" local="130964313427112513" remote="130938403200000000" Dst="1" />
<file name="custom_hsb_b.png" server="ftp.premiumwd.com//public_html/" local="130964313430220475" remote="130938403200000000" Dst="1" />
<file name="custom_hsb_h.png" server="ftp.premiumwd.com//public_html/" local="130964313430225481" remote="130938403200000000" Dst="1" />
<file name="custom_hsb_s.png" server="ftp.premiumwd.com//public_html/" local="130964313430235495" remote="130938403200000000" Dst="1" />
<file name="custom_indic.gif" server="ftp.premiumwd.com//public_html/" local="130964313433398513" remote="130938403200000000" Dst="1" />
<file name="custom_rgb_b.png" server="ftp.premiumwd.com//public_html/" local="130964313433403518" remote="130938403200000000" Dst="1" />
<file name="custom_rgb_g.png" server="ftp.premiumwd.com//public_html/" local="130964313433413529" remote="130938403200000000" Dst="1" />
<file name="custom_rgb_r.png" server="ftp.premiumwd.com//public_html/" local="130964313436546517" remote="130938403200000000" Dst="1" />
<file name="custom_submit.png" server="ftp.premiumwd.com//public_html/" local="130964313436551522" remote="130938403200000000" Dst="1" />
<file name="icon.png" server="ftp.premiumwd.com//public_html/" local="130964313436601572" remote="130938403200000000" Dst="1" />
<file name="select.png" server="ftp.premiumwd.com//public_html/" local="130964313439709541" remote="130938403200000000" Dst="1" />
<file name="select2.png" server="ftp.premiumwd.com//public_html/" local="130964313439709541" remote="130938403200000000" Dst="1" />
<file name="slider.png" server="ftp.premiumwd.com//public_html/" local="130964313439699533" remote="130938403200000000" Dst="1" />
</dwsync>