<?xml version="1.0" encoding="utf-8" ?>
<dwsync>
<file name="dribbble.png" server="ftp.premiumwd.com//public_html/" local="130964313349968341" remote="130938403200000000" Dst="1" />
<file name="dropbox.png" server="ftp.premiumwd.com//public_html/" local="130964313349968341" remote="130938403200000000" Dst="1" />
<file name="envelope.png" server="ftp.premiumwd.com//public_html/" local="130964313349988363" remote="130938403200000000" Dst="1" />
<file name="facebook.png" server="ftp.premiumwd.com//public_html/" local="130964313353166563" remote="130938403200000000" Dst="1" />
<file name="flickr.png" server="ftp.premiumwd.com//public_html/" local="130964313353166563" remote="130938403200000000" Dst="1" />
<file name="foursquare.png" server="ftp.premiumwd.com//public_html/" local="130964313353196593" remote="130938403200000000" Dst="1" />
<file name="general.png" server="ftp.premiumwd.com//public_html/" local="130964313356342097" remote="130938403200000000" Dst="1" />
<file name="github.png" server="ftp.premiumwd.com//public_html/" local="130964313356347103" remote="130938403200000000" Dst="1" />
<file name="google-plus.png" server="ftp.premiumwd.com//public_html/" local="130964313356362116" remote="130938403200000000" Dst="1" />
<file name="instagram.png" server="ftp.premiumwd.com//public_html/" local="130964313359525134" remote="130938403200000000" Dst="1" />
<file name="lifebouy.png" server="ftp.premiumwd.com//public_html/" local="130964313359530143" remote="130938403200000000" Dst="1" />
<file name="linkedin.png" server="ftp.premiumwd.com//public_html/" local="130964313359545156" remote="130938403200000000" Dst="1" />
<file name="page-settings.png" server="ftp.premiumwd.com//public_html/" local="130964313362773240" remote="130938403200000000" Dst="1" />
<file name="pininterest.png" server="ftp.premiumwd.com//public_html/" local="130964313362773240" remote="130938403200000000" Dst="1" />
<file name="rss.png" server="ftp.premiumwd.com//public_html/" local="130964313362788256" remote="130938403200000000" Dst="1" />
<file name="skype.png" server="ftp.premiumwd.com//public_html/" local="130964313365926253" remote="130938403200000000" Dst="1" />
<file name="slider-settings.png" server="ftp.premiumwd.com//public_html/" local="130964313365926253" remote="130938403200000000" Dst="1" />
<file name="stackexchange.png" server="ftp.premiumwd.com//public_html/" local="130964313365941266" remote="130938403200000000" Dst="1" />
<file name="star.png" server="ftp.premiumwd.com//public_html/" local="130964313369069266" remote="130938403200000000" Dst="1" />
<file name="style-settings.png" server="ftp.premiumwd.com//public_html/" local="130964313369069266" remote="130938403200000000" Dst="1" />
<file name="translation.png" server="ftp.premiumwd.com//public_html/" local="130964313369079277" remote="130938403200000000" Dst="1" />
<file name="tumblr.png" server="ftp.premiumwd.com//public_html/" local="130964313372621469" remote="130938403200000000" Dst="1" />
<file name="twitter.png" server="ftp.premiumwd.com//public_html/" local="130964313372621469" remote="130938403200000000" Dst="1" />
<file name="weibo.png" server="ftp.premiumwd.com//public_html/" local="130964313372651499" remote="130938403200000000" Dst="1" />
<file name="youtube.png" server="ftp.premiumwd.com//public_html/" local="130964313375818116" remote="130938403200000000" Dst="1" />
</dwsync>